{
    "train_loss": [
        0.0545358342956865,
        0.02106987826526514,
        0.0138250665656631,
        0.010515843296525997,
        0.006778558982712636,
        0.005680913613283856,
        0.00381598650602128,
        0.004053642380330633,
        0.0032926826166335636,
        0.002575978178148385,
        0.0021918693597608343,
        0.0020798901802298944,
        0.0014948604415279225,
        0.0019543738904399775,
        0.0013745263040040984
    ],
    "val_loss": [
        0.017140358322084853,
        0.009866877403235908,
        0.006111943058930275,
        0.004892458869882468,
        0.004141798429819324,
        0.003191971247527589,
        0.0027147772329118147,
        0.00209657915499053,
        0.0020973640331760795,
        0.0018652372356091154,
        0.0016665303747845262,
        0.0014185471966849067,
        0.0010909328740219045,
        0.0010599381926284248,
        0.0010778277032363278
    ],
    "test_loss": [
        0.014639111549314425,
        0.008669779279533728,
        0.0056533319565941036,
        0.004307766255267241,
        0.003837288342422558,
        0.0028023440961796042,
        0.0021958251475376377,
        0.0016997255333704511,
        0.0017204139205652229,
        0.0016755231334195462,
        0.0013794796622340494,
        0.0013336844409253619,
        0.0009401331313817284,
        0.0008231769359995131,
        0.0011631319747068872
    ],
    "train_acc": [
        0.9822917642649677,
        0.9953152815515788,
        0.9972828632999157,
        0.9974702520378526,
        0.9988756675723789,
        0.9993441394172211,
        0.9996252225241263,
        0.9993441394172211,
        0.9995315281551579,
        0.9997189168930948,
        0.9999063056310316,
        0.9997189168930948,
        0.9997189168930948,
        0.9996252225241263,
        0.9999063056310316
    ],
    "val_acc": [
        0.9963462619449129,
        0.9985947161326588,
        0.9988757729061271,
        0.9991568296795953,
        0.9994378864530635,
        0.9991568296795953,
        0.9988757729061271,
        0.9994378864530635,
        0.9994378864530635,
        0.9997189432265318,
        0.9997189432265318,
        0.9997189432265318,
        0.9997189432265318,
        0.9997189432265318,
        0.9997189432265318
    ],
    "test_acc": [
        0.9980359147025815,
        0.9988776655443323,
        0.9994388327721662,
        0.9997194163860832,
        1.0,
        0.9997194163860832,
        0.9997194163860832,
        0.9997194163860832,
        1.0,
        0.9997194163860832,
        0.9997194163860832,
        0.9997194163860832,
        1.0,
        1.0,
        1.0
    ],
    "train_f1": [
        0.9973358030157113,
        0.9995556304384522,
        0.9996483838776096,
        0.9999111698928076,
        0.9999084827867766,
        1.0,
        1.0,
        1.0,
        1.0,
        1.0,
        1.0,
        1.0,
        1.0,
        1.0,
        1.0
    ],
    "val_f1": [
        0.9965964976006092,
        0.998680559631541,
        0.9989475952988958,
        0.9992055068048789,
        0.9994723741631653,
        0.9992079820692151,
        0.9989475952988958,
        0.9994752060400419,
        0.9994723741631653,
        0.9997424375205883,
        0.9997424375205883,
        0.9997424375205883,
        0.9997424375205883,
        0.9997424375205883,
        0.9997424375205883
    ],
    "test_f1": [
        0.9979970635927854,
        0.9988400139409501,
        0.9993991563743293,
        0.9997213499585469,
        1.0,
        0.9997213499585469,
        0.9997213499585469,
        0.9997213499585469,
        1.0,
        0.9997213499585469,
        0.9997213499585469,
        0.9997196997764763,
        1.0,
        1.0,
        1.0
    ]
}