{
    "train_loss": [
        0.136858407020217,
        0.060377081320182595,
        0.04502844450696723,
        0.038019779207114926,
        0.030777105298753667,
        0.026528029322587906,
        0.02133572745693808,
        0.02063097937689995,
        0.019194898317510152,
        0.018136198240710402,
        0.016552234623659005,
        0.016147284962510965,
        0.013642173841556209,
        0.014237523504920219,
        0.011993917544339832,
        0.009841637428566167,
        0.010292443522512787,
        0.008187381437406605,
        0.008854794059003118,
        0.00668882077974225
    ],
    "val_loss": [
        0.05396449223303138,
        0.03372548633014774,
        0.024514273477026154,
        0.02006014675988767,
        0.01762678650086887,
        0.015147588129389346,
        0.012976692094006368,
        0.011638822338683609,
        0.011475663893908982,
        0.010514322189564967,
        0.00993612442090228,
        0.009443769789237515,
        0.007521536929701455,
        0.006621092216317459,
        0.007220203861303129,
        0.00638915817768948,
        0.005976378912851633,
        0.0064438105038115406,
        0.004842327023016633,
        0.0054844545748908265
    ],
    "test_loss": [
        0.049066109812737985,
        0.03153044817076555,
        0.023096286448180743,
        0.01896714873342251,
        0.01665346310332869,
        0.013931302960510508,
        0.012347451901935065,
        0.0110022510244071,
        0.01170974906625939,
        0.01059641723477153,
        0.009347835405155866,
        0.009715876782179196,
        0.007180383015271406,
        0.006574918315291204,
        0.007493662912352586,
        0.006892125891295798,
        0.005686797815721009,
        0.0064223800533933,
        0.0049309410174679345,
        0.005109964558822296
    ],
    "train_acc": [
        0.9504356788157032,
        0.9815422093132203,
        0.9872575658202942,
        0.9899747025203786,
        0.9928792279583998,
        0.993160311065305,
        0.9953152815515788,
        0.9955963646584841,
        0.9956900590274524,
        0.9959711421343578,
        0.9960648365033262,
        0.996252225241263,
        0.9964396139791999,
        0.9971891689309473,
        0.9970954745619789,
        0.9984071957275368,
        0.997563946406821,
        0.9987819732034106,
        0.9983135013585683,
        0.9987819732034106
    ],
    "val_acc": [
        0.9856661045531198,
        0.9926925238898258,
        0.9963462619449129,
        0.9960652051714446,
        0.9971894322653176,
        0.9974704890387859,
        0.9980326025857224,
        0.9985947161326588,
        0.9980326025857224,
        0.9985947161326588,
        0.9983136593591906,
        0.9983136593591906,
        0.9988757729061271,
        0.9988757729061271,
        0.9988757729061271,
        0.9991568296795953,
        0.9991568296795953,
        0.9988757729061271,
        0.9988757729061271,
        0.9991568296795953
    ],
    "test_acc": [
        0.9851290684624019,
        0.9941077441077442,
        0.9957912457912459,
        0.9960718294051628,
        0.9966329966329968,
        0.9980359147025815,
        0.9974747474747475,
        0.9974747474747475,
        0.9971941638608306,
        0.9974747474747475,
        0.9977553310886645,
        0.9969135802469137,
        0.9985970819304153,
        0.9991582491582492,
        0.9977553310886645,
        0.9977553310886645,
        0.9985970819304153,
        0.9977553310886645,
        0.9988776655443323,
        0.9991582491582492
    ],
    "train_f1": [
        0.983508621231163,
        0.9920801418539449,
        0.9945081688400167,
        0.9957201117080571,
        0.9966917417814635,
        0.9971015652962448,
        0.9974699360660196,
        0.9982638255771805,
        0.9977255629826329,
        0.9983666329369838,
        0.9985656532099755,
        0.9983711411859568,
        0.999380164080544,
        0.9993667997122561,
        0.9989186249082017,
        0.99909526550005,
        0.9994613526093528,
        0.9991816272436612,
        0.9997320366608969,
        0.9995450351829976
    ],
    "val_f1": [
        0.9863100442481378,
        0.9931745322136687,
        0.9965916296015285,
        0.9963325078977027,
        0.9973649957149993,
        0.9976498442631081,
        0.9981651694101533,
        0.9986901142421349,
        0.998170567794768,
        0.9986881785892605,
        0.9984135296765622,
        0.9984274979661544,
        0.9989475952988958,
        0.9989475952988958,
        0.9989475952988958,
        0.9992055068048789,
        0.9992055068048789,
        0.9989475952988958,
        0.9989475952988958,
        0.9992055068048789
    ],
    "test_f1": [
        0.9846662669858054,
        0.9941523384868921,
        0.9957652491138396,
        0.9962124387636345,
        0.9967015908914307,
        0.9981116041671104,
        0.9975555053143375,
        0.9975318969210605,
        0.997298386458897,
        0.9975788931792493,
        0.9978124029601645,
        0.9970115058355107,
        0.9985593599456996,
        0.9991205206613024,
        0.9978360120346895,
        0.9978542970878242,
        0.9986250009504408,
        0.9978124029601645,
        0.9988817601124633,
        0.999184123081229
    ]
}