{
    "train_loss": [
        2.278582966285567,
        2.2287553282931785,
        2.1634153476457043,
        2.0754722318905783,
        1.9529613637626253,
        1.7914939564034136,
        1.5998985530306093,
        1.3890865235767815,
        1.154572833008625,
        0.9329367740359588,
        0.7198110127442559,
        0.5239086272890754,
        0.37290079662962405,
        0.24464875817525583,
        0.1549263707129601,
        0.10804189223046214,
        0.06889594830238635,
        0.046670527213360104,
        0.03351516144426579,
        0.029316909439179663
    ],
    "val_loss": [
        2.2575591505059993,
        2.202196822469814,
        2.1287071140905383,
        2.0107959086898877,
        1.8976545283300452,
        1.6717393044351947,
        1.476139920570722,
        1.2456817471378197,
        0.9676880293919251,
        0.806097330024153,
        0.5399451430820136,
        0.4200458654960645,
        0.28341854902114993,
        0.14627168063821838,
        0.10265922646051907,
        0.05624437253758141,
        0.04294234031103369,
        0.03363759488742464,
        0.015909937588683348,
        0.017585789000837293
    ],
    "test_loss": [
        2.256607705175828,
        2.2027697650185467,
        2.1289886167546355,
        2.0126467246112067,
        1.9116895012225161,
        1.692833840992039,
        1.510928959548715,
        1.2831063926074917,
        1.0042219373721566,
        0.8431489993089211,
        0.562402151688172,
        0.4392495941119956,
        0.297440941757481,
        0.14830794408977854,
        0.10917849401246216,
        0.06087318283036677,
        0.04260428207386391,
        0.034992077015491396,
        0.017545383167887424,
        0.017705282291574198
    ],
    "train_acc": [
        0.13039934800325997,
        0.2298288508557457,
        0.4357511545775604,
        0.6313501765824504,
        0.7641945123607715,
        0.8046726433034501,
        0.8704156479217603,
        0.9176854115729421,
        0.936973648465091,
        0.9627818527574028,
        0.9774517794077696,
        0.9891333876663949,
        0.9926650366748165,
        0.9956533550665579,
        0.9978266775332789,
        0.9975550122249388,
        0.9986416734582994,
        0.9994566693833197,
        0.9997283346916598,
        0.9994566693833197
    ],
    "val_acc": [
        0.18352365415986951,
        0.32137030995106036,
        0.5554649265905384,
        0.6582381729200653,
        0.803425774877651,
        0.8181076672104405,
        0.8964110929853182,
        0.9420880913539967,
        0.9641109298531811,
        0.9755301794453508,
        0.9893964110929854,
        0.9942903752039152,
        0.9942903752039152,
        0.9975530179445351,
        0.9975530179445351,
        0.9983686786296901,
        0.9983686786296901,
        0.9983686786296901,
        0.9991843393148451,
        0.9983686786296901
    ],
    "test_acc": [
        0.18978102189781024,
        0.32927818329278186,
        0.537712895377129,
        0.643146796431468,
        0.772911597729116,
        0.797242497972425,
        0.8978102189781022,
        0.927007299270073,
        0.9448499594484996,
        0.9626926196269262,
        0.9805352798053528,
        0.9894566098945661,
        0.9951338199513382,
        0.9983779399837794,
        0.9983779399837794,
        0.9983779399837794,
        0.9991889699918898,
        0.9991889699918898,
        0.9991889699918898,
        1.0
    ],
    "train_f1": [
        0.13599415791764594,
        0.3108621086186968,
        0.5109305160685524,
        0.6135579644920273,
        0.7306830296822495,
        0.7743432926777631,
        0.8874359471359761,
        0.9190177319290054,
        0.9402124035990393,
        0.9725473828285578,
        0.9908962339217343,
        0.9963672024230192,
        0.9974219190220334,
        0.9992556004215682,
        0.9996483394663505,
        1.0,
        1.0,
        1.0,
        1.0,
        1.0
    ],
    "val_f1": [
        0.13916325894395007,
        0.2920827844822685,
        0.48610876604645936,
        0.5856450401120563,
        0.6952386616711422,
        0.7273910179918813,
        0.8406681240372069,
        0.910552779950984,
        0.9444190885934851,
        0.9638548202084491,
        0.9842174275753932,
        0.991591310102538,
        0.9920075557293728,
        0.9966206357480493,
        0.9965776397515528,
        0.9978196758383937,
        0.9977319442624104,
        0.9976960702637824,
        0.9988074534161491,
        0.9978604757027426
    ],
    "test_f1": [
        0.15193189806221957,
        0.30989791790222765,
        0.47913970748914403,
        0.5942076897407155,
        0.7061542946997822,
        0.7324972872114577,
        0.8709818340486857,
        0.910693140189689,
        0.9326463458983056,
        0.9546978141561624,
        0.9772052331699422,
        0.9876776908750753,
        0.9939730182018144,
        0.9980513082444524,
        0.9981452741446741,
        0.9980510706061537,
        0.9990719555222924,
        0.9990719555222924,
        0.9990719555222924,
        1.0
    ]
}