{
    "train_loss": [
        1.5855926856108156,
        1.4442425671367274,
        1.197750617896599,
        1.0195944980345386,
        0.8744406697453408,
        0.7702855393625628,
        0.6587110094759596,
        0.5237389061225766,
        0.38336269416730445,
        0.27524687745224413,
        0.1897712100347479,
        0.13919851688788212,
        0.10611203315666412,
        0.08049515080728989,
        0.062475207665267735,
        0.045582345610057216,
        0.04166446049799626,
        0.028290041017931127,
        0.026818680841576258,
        0.01820263051814672
    ],
    "val_loss": [
        1.5457602580232077,
        1.2627871770241115,
        1.0752263920432432,
        0.9074472390925425,
        0.7927263497669866,
        0.6987108076161366,
        0.5891124530433436,
        0.43067217541397473,
        0.29634649230124877,
        0.20441861313341977,
        0.14089993222497024,
        0.10401311625411719,
        0.08150508282923337,
        0.06511884100209732,
        0.05660808607035723,
        0.04599638005504534,
        0.03764755959196284,
        0.03220805804260613,
        0.033889195537673486,
        0.029792457935171338
    ],
    "test_loss": [
        1.5437478114726433,
        1.2260780164555936,
        1.0261647704608245,
        0.852886558448693,
        0.7437092632423212,
        0.656645004329189,
        0.5515615454426518,
        0.4046400146251576,
        0.2773061515272132,
        0.19221183521344873,
        0.12798122074517737,
        0.09496537522819441,
        0.07486980750855773,
        0.06007582524856166,
        0.05186380358573831,
        0.04490291990400381,
        0.03548179826397119,
        0.031201019699452184,
        0.03172015580053386,
        0.027294134091001575
    ],
    "train_acc": [
        0.30650299850074963,
        0.5595952023988006,
        0.616191904047976,
        0.6250937031484257,
        0.6604197901049476,
        0.7149550224887556,
        0.7982571214392803,
        0.8753748125937031,
        0.920727136431784,
        0.941904047976012,
        0.9589580209895052,
        0.9689842578710645,
        0.9760119940029984,
        0.9806971514242878,
        0.9845389805097451,
        0.9906296851574212,
        0.9890367316341829,
        0.9935344827586207,
        0.9935344827586207,
        0.9958770614692654
    ],
    "val_acc": [
        0.47400955324529365,
        0.5866816521494802,
        0.609721831975274,
        0.6375386344478786,
        0.686428772127002,
        0.7620118010677157,
        0.8538915425681372,
        0.9154256813711718,
        0.9412756392245013,
        0.9592582186007306,
        0.9662826636695702,
        0.9735880865411634,
        0.977802753582467,
        0.9828603540320315,
        0.9834223096375387,
        0.9851081764540602,
        0.9890418656926103,
        0.9898847991008711,
        0.9873559988760888,
        0.991289688114639
    ],
    "test_acc": [
        0.4884960718294052,
        0.6245791245791247,
        0.6523569023569024,
        0.6784511784511785,
        0.712962962962963,
        0.7847923681257015,
        0.8602693602693603,
        0.9166666666666667,
        0.9444444444444445,
        0.9601571268237936,
        0.9716610549943884,
        0.9778338945005612,
        0.9823232323232324,
        0.9837261503928172,
        0.9831649831649832,
        0.9845679012345679,
        0.9893378226711561,
        0.989618406285073,
        0.9893378226711561,
        0.9918630751964086
    ],
    "train_f1": [
        0.48813727899226256,
        0.6109041286265999,
        0.6097424261248463,
        0.6360443162742169,
        0.6857598969800078,
        0.7912666113617753,
        0.8738658465088536,
        0.9307906611697483,
        0.9583990697047344,
        0.9745732168535464,
        0.98322695438595,
        0.9889809924201327,
        0.9930779726749421,
        0.9961038186320896,
        0.9964449834716899,
        0.9978435393559664,
        0.9987133568569343,
        0.9987880786265091,
        0.9993942998567773,
        0.9996093381572482
    ],
    "val_f1": [
        0.4621135142383136,
        0.5727848965830642,
        0.5684652834895341,
        0.602938640009394,
        0.6728217389916528,
        0.7629478359465778,
        0.8525604090115374,
        0.9150844188053234,
        0.9402576479888127,
        0.9581361876859484,
        0.9653107322841523,
        0.9722489588349322,
        0.9767263335788497,
        0.9820015694292425,
        0.9828102756673612,
        0.9841658261447911,
        0.9883833783708926,
        0.9892469524604062,
        0.9863630871252326,
        0.9906105760255846
    ],
    "test_f1": [
        0.4524831794249694,
        0.5911259203592986,
        0.5906182119792283,
        0.6235556778492124,
        0.6819015941586029,
        0.7725732181685991,
        0.8524674507383534,
        0.9124372424857097,
        0.9410602776995184,
        0.9576277686851942,
        0.9697893777951206,
        0.9761932468992736,
        0.9808440976763414,
        0.9822004525458432,
        0.9816637810984193,
        0.9830552887214182,
        0.988179906306987,
        0.9885481222243137,
        0.9881998800793681,
        0.9910857271451927
    ]
}