{
    "train_loss": [
        2.1880322654944857,
        1.6894430100545388,
        0.8859732596001785,
        0.27105028452480723,
        0.06840198920395542,
        0.0325107207135706,
        0.021516059694067353,
        0.013175503528658964,
        0.010402492208305632,
        0.00900837632300445
    ],
    "val_loss": [
        2.0233862330046213,
        1.2281287579902038,
        0.5582791201247671,
        0.09953809516173202,
        0.025172891851885284,
        0.012407468619709303,
        0.008551293184910862,
        0.0036732383728707986,
        0.003958407190869916,
        0.0015513708827892534
    ],
    "test_loss": [
        2.0226149851001574,
        1.266343098729003,
        0.560836104049203,
        0.09493221019282151,
        0.025559734348404098,
        0.01343042885209377,
        0.008713149436162627,
        0.0027312254775821595,
        0.003834733656031251,
        0.0014042199665978128
    ],
    "train_acc": [
        0.4270578647106764,
        0.9049171420809562,
        0.9701168160825862,
        0.9972833469165987,
        0.9978266775332789,
        0.9975550122249388,
        0.9983700081499592,
        0.9994566693833197,
        0.9994566693833197,
        0.9991850040749796
    ],
    "val_acc": [
        0.8083197389885808,
        0.9445350734094617,
        0.9942903752039152,
        0.9975530179445351,
        1.0,
        1.0,
        1.0,
        1.0,
        1.0,
        1.0
    ],
    "test_acc": [
        0.7956204379562044,
        0.9334955393349554,
        0.9927007299270073,
        0.9991889699918898,
        0.9991889699918898,
        1.0,
        1.0,
        1.0,
        1.0,
        1.0
    ],
    "train_f1": [
        0.8175518045736316,
        0.9519976809130639,
        0.997113905944379,
        1.0,
        1.0,
        1.0,
        1.0,
        1.0,
        1.0,
        1.0
    ],
    "val_f1": [
        0.7351169947389031,
        0.9202111421509297,
        0.9919880397342267,
        0.9964254051562111,
        1.0,
        1.0,
        1.0,
        1.0,
        1.0,
        1.0
    ],
    "test_f1": [
        0.7514109699345471,
        0.9179140855348242,
        0.9911570232813883,
        0.9990719555222924,
        0.9990719555222924,
        1.0,
        1.0,
        1.0,
        1.0,
        1.0
    ]
}