{
    "train_loss": [
        1.0536499277226392,
        0.6710417306405315,
        0.4950082563925004,
        0.37046409140283737,
        0.2698204949431155,
        0.1690396615031777,
        0.10562827272795844,
        0.06518932909745237,
        0.0390791905041354,
        0.026989410477767196,
        0.019432511548560554,
        0.012487373519702808,
        0.009172644988023516,
        0.006852263406182973,
        0.005082334300577836,
        0.004631837875370391,
        0.003987080164016692,
        0.00226324982133923,
        0.001938694281630271,
        0.0015402890451681295
    ],
    "val_loss": [
        0.7689391180985964,
        0.5328192356832578,
        0.3936000793594495,
        0.27925208330690343,
        0.18715660557481606,
        0.11076830741594802,
        0.06648918139520875,
        0.04041399255637775,
        0.029858870913797162,
        0.016036903955111446,
        0.01837455088141327,
        0.007944966066627647,
        0.009628804063060208,
        0.020375712682843945,
        0.0030771976026875707,
        0.005124441578356848,
        0.002654320300546514,
        0.001962249965619439,
        0.018214265537223443,
        0.001983774583188785
    ],
    "test_loss": [
        0.7373584867794774,
        0.5124012541891348,
        0.38273160290035735,
        0.26761588866495256,
        0.1807652174439762,
        0.10837298784275382,
        0.06717823861285994,
        0.04109094630170083,
        0.03342147639353669,
        0.021239407921333272,
        0.026639689759828996,
        0.013549489041008516,
        0.013617015068234267,
        0.03144184407643769,
        0.005365058278320535,
        0.008969763881655192,
        0.004542986924325479,
        0.0035820741766566457,
        0.03020252807797654,
        0.005371149711447858
    ],
    "train_acc": [
        0.6577023988005997,
        0.8258058470764618,
        0.8769677661169415,
        0.9108883058470765,
        0.9425599700149925,
        0.9671101949025487,
        0.9783545727136431,
        0.9880059970014993,
        0.9933470764617691,
        0.9950337331334332,
        0.9963455772113943,
        0.9980322338830584,
        0.9985007496251874,
        0.9988755622188905,
        0.9989692653673163,
        0.9990629685157421,
        0.9991566716641679,
        0.9999062968515742,
        0.9997188905547226,
        0.9998125937031483
    ],
    "val_acc": [
        0.7979769598201742,
        0.8668165214948019,
        0.9069963472885643,
        0.9423995504355156,
        0.9704973307108739,
        0.9822983984265243,
        0.9873559988760888,
        0.9896038212981175,
        0.9938184883394212,
        0.9960663107614499,
        0.9971902219724642,
        0.9983141331834786,
        0.9974711997752178,
        0.9955043551559427,
        0.9991570665917393,
        0.9985951109862321,
        0.9994380443944929,
        0.9994380443944929,
        0.9957853329586963,
        0.9991570665917393
    ],
    "test_acc": [
        0.808641975308642,
        0.8807519640852975,
        0.9175084175084176,
        0.9492143658810326,
        0.9708193041526376,
        0.9856902356902357,
        0.9876543209876544,
        0.9907407407407408,
        0.9935465768799103,
        0.9938271604938272,
        0.9929854096520764,
        0.9960718294051628,
        0.995230078563412,
        0.9921436588103255,
        0.9977553310886645,
        0.9963524130190797,
        0.9977553310886645,
        0.9988776655443323,
        0.9915824915824917,
        0.9974747474747475
    ],
    "train_f1": [
        0.7915662512684623,
        0.8742081480308512,
        0.9104761873439836,
        0.9439731807470114,
        0.9668991381218918,
        0.9829465085346328,
        0.9866169812053907,
        0.9925725713220732,
        0.9943265429151447,
        0.9965616140099527,
        0.9973200945783403,
        0.9992903556579499,
        0.9982609930953714,
        0.9945812657990164,
        0.9998979771717208,
        0.999387432964746,
        0.9998979771717208,
        1.0,
        0.9940953970036549,
        0.9998979771717208
    ],
    "val_f1": [
        0.7908483069295066,
        0.8632007160525706,
        0.9047243424401795,
        0.9392608496249828,
        0.9677523816640015,
        0.9801378359966693,
        0.9856814792212513,
        0.9883037223409943,
        0.9930917372239083,
        0.9955057938724897,
        0.9967682722869906,
        0.9981688540604388,
        0.9972097699403868,
        0.9948636102185118,
        0.9990748532481912,
        0.9984348107678747,
        0.9994076580420673,
        0.9994662061106758,
        0.9952108854420285,
        0.9990786282191741
    ],
    "test_f1": [
        0.7943206265408265,
        0.8728615748780909,
        0.9121031804740888,
        0.9447061440378042,
        0.9677267529363325,
        0.9839126822157374,
        0.9862007620557641,
        0.9896341241434632,
        0.9928105112720337,
        0.9931004456449296,
        0.9924579609828594,
        0.9956185559026798,
        0.9946579344542883,
        0.9916688441477346,
        0.9975326929913322,
        0.995917121176341,
        0.9974421616066695,
        0.9987118873516773,
        0.990985386903364,
        0.9971854722720218
    ]
}