{
    "train_loss": [
        0.21676433060706013,
        0.1161884901097316,
        0.09140267547027671,
        0.07299170678728055,
        0.06339880061299824,
        0.05195860423417834,
        0.044820539257491326,
        0.03642282496300441,
        0.0350331920726581,
        0.02791354189422074,
        0.024838923842516254,
        0.02338592231777663,
        0.020183404446678557,
        0.018188844267640166,
        0.01450686483969166,
        0.013657145158093742,
        0.011719521904547649,
        0.011454239595784569,
        0.009124275820746363,
        0.007427118920695721
    ],
    "val_loss": [
        0.11032703346318914,
        0.07423651409181,
        0.05771351897248296,
        0.04677187230285129,
        0.036576931047064325,
        0.032402397617655836,
        0.02760512446654838,
        0.0223330103377631,
        0.020771712859168005,
        0.017380788137046323,
        0.017142973362272915,
        0.013656629491052964,
        0.012906007726790363,
        0.011921705472628058,
        0.008852077707592785,
        0.008649756369966764,
        0.006833195799680039,
        0.0068752303735356715,
        0.006714675519544738,
        0.005256631520894545
    ],
    "test_loss": [
        0.10845456747745826,
        0.07378431895432114,
        0.058715576220274505,
        0.048964298753575844,
        0.03824149478147461,
        0.03428823988587835,
        0.029943919635046477,
        0.023779454617003266,
        0.021731178590862706,
        0.01938079758291159,
        0.017992159310941544,
        0.015145456744514733,
        0.014053630096969581,
        0.010990666483730647,
        0.010054321031950574,
        0.009901298084594183,
        0.008979863211759247,
        0.007504637297723697,
        0.007301860662986233,
        0.005987102041694134
    ],
    "train_acc": [
        0.9374121615290921,
        0.9780755176613886,
        0.9858521502857679,
        0.986976482713389,
        0.9903494799962522,
        0.9924107561135576,
        0.9940972547549892,
        0.9957837533964209,
        0.9945657265998313,
        0.9956900590274524,
        0.9967206970861051,
        0.996252225241263,
        0.9971891689309473,
        0.9970954745619789,
        0.9986882788344421,
        0.9985008900965052,
        0.9983135013585683,
        0.9981261126206316,
        0.9983135013585683,
        0.9989693619413473
    ],
    "val_acc": [
        0.9797639123102867,
        0.9896008993816751,
        0.9904440697020799,
        0.9924114671163575,
        0.9957841483979764,
        0.9946599213041034,
        0.9969083754918494,
        0.9969083754918494,
        0.9963462619449129,
        0.9977515458122541,
        0.9980326025857224,
        0.9977515458122541,
        0.9983136593591906,
        0.9977515458122541,
        0.9985947161326588,
        0.9983136593591906,
        0.9991568296795953,
        0.9988757729061271,
        0.9988757729061271,
        0.9985947161326588
    ],
    "test_acc": [
        0.9826038159371494,
        0.9904601571268239,
        0.9924242424242425,
        0.9935465768799103,
        0.995230078563412,
        0.995230078563412,
        0.9943883277216612,
        0.9963524130190797,
        0.9971941638608306,
        0.9960718294051628,
        0.9966329966329968,
        0.9969135802469137,
        0.9971941638608306,
        0.9985970819304153,
        0.9980359147025815,
        0.9977553310886645,
        0.9980359147025815,
        0.9985970819304153,
        0.9988776655443323,
        0.9988776655443323
    ],
    "train_f1": [
        0.9790948973878992,
        0.9891460109403848,
        0.9921251522921739,
        0.9951626977965826,
        0.9966435067048532,
        0.9958322276045253,
        0.9960047378915734,
        0.9975426119083017,
        0.9975584845373897,
        0.9983557243321186,
        0.9983135252114421,
        0.9987343635605168,
        0.9991005346777131,
        0.9995503982225571,
        0.9995503982225571,
        0.9995541793617825,
        0.9997254551386071,
        0.9998169678425806,
        1.0,
        0.9998196328604889
    ],
    "val_f1": [
        0.9802862069773504,
        0.9902214715888537,
        0.9910089383226455,
        0.992851854548889,
        0.9960814928645879,
        0.9950439223885208,
        0.9971079689942316,
        0.997117844306153,
        0.9965992497892415,
        0.9979098246536173,
        0.9981742582909083,
        0.9979135970831093,
        0.998431963604402,
        0.9979135970831093,
        0.998689891807374,
        0.9984349795263153,
        0.9992146698971485,
        0.9989478027689283,
        0.9989475952988958,
        0.9986901142421349
    ],
    "test_f1": [
        0.9823361649432549,
        0.990477924859236,
        0.9925315797264315,
        0.9936367320242786,
        0.9953389753163346,
        0.9954260544872533,
        0.9944537049779163,
        0.9964854174302727,
        0.9973352609404875,
        0.996199844004009,
        0.9966631371973305,
        0.9970526131065165,
        0.9972863127708356,
        0.9986198789031366,
        0.9980752565275213,
        0.9977705468088083,
        0.9980727446188264,
        0.998639897292841,
        0.9988329285585902,
        0.998920177137631
    ]
}