{
    "train_loss": [
        1.0155976524596093,
        0.6180292184742494,
        0.42394221101564983,
        0.26801743960452046,
        0.16234426237251806,
        0.10494660231462126,
        0.06404244686397298,
        0.04330760985612869,
        0.028633172838841155,
        0.021099364308213096,
        0.01643082459116525,
        0.010810009801810582,
        0.008463144965254809,
        0.008389023589556744,
        0.00464663306079076,
        0.003685256160352019,
        0.002752346682799994,
        0.002702667374572978,
        0.002051532706303377,
        0.0015238130310816674
    ],
    "val_loss": [
        0.7175668022310375,
        0.4706855323265094,
        0.31001529409899475,
        0.17568381195592223,
        0.10837420822027259,
        0.06755096626544675,
        0.038314840701665395,
        0.04404040811000898,
        0.016728545373960405,
        0.015135501688029632,
        0.008963148965704144,
        0.013737771332988279,
        0.0044938082289030234,
        0.0047646892957129506,
        0.0045628967922289885,
        0.002568212251142808,
        0.006203244774710363,
        0.001749831164488569,
        0.002886309830735059,
        0.0013193232148714196
    ],
    "test_loss": [
        0.6929489903310868,
        0.4555307314987268,
        0.29734542316994417,
        0.17149669737643933,
        0.11240608420737264,
        0.07082480957311411,
        0.0413610756043951,
        0.04533413773628347,
        0.020475923867141525,
        0.019953866725328652,
        0.011109847800678644,
        0.020494360034197242,
        0.006632606669077723,
        0.00548380724222093,
        0.005053239901457086,
        0.003424423045169627,
        0.007854970762208622,
        0.002285077011405556,
        0.004138140925979733,
        0.0027393438678014526
    ],
    "train_acc": [
        0.6772863568215892,
        0.8460457271364318,
        0.8993628185907047,
        0.9447151424287856,
        0.9698275862068966,
        0.980603448275862,
        0.988099700149925,
        0.9925974512743628,
        0.9951274362818591,
        0.9967203898050975,
        0.9967203898050975,
        0.9984070464767616,
        0.9984070464767616,
        0.9981259370314842,
        0.9995314842578711,
        0.9995314842578711,
        0.9998125937031483,
        0.9995314842578711,
        0.9997188905547226,
        1.0
    ],
    "val_acc": [
        0.8190502950266929,
        0.895757235178421,
        0.9409946614217477,
        0.9685304860915989,
        0.9848271986513066,
        0.9890418656926103,
        0.9924135993256533,
        0.9887608878898567,
        0.9966282663669571,
        0.9977521775779714,
        0.9988760887889857,
        0.9974711997752178,
        0.9988760887889857,
        0.9991570665917393,
        1.0,
        0.9994380443944929,
        0.9985951109862321,
        1.0,
        0.9991570665917393,
        0.9997190221972465
    ],
    "test_acc": [
        0.8364197530864198,
        0.9023569023569025,
        0.9436026936026937,
        0.968294051627385,
        0.9812008978675646,
        0.9879349046015714,
        0.9915824915824917,
        0.990179573512907,
        0.994949494949495,
        0.995510662177329,
        0.9966329966329968,
        0.9960718294051628,
        0.9974747474747475,
        0.9988776655443323,
        0.9991582491582492,
        0.9997194163860832,
        0.9980359147025815,
        0.9997194163860832,
        0.9991582491582492,
        0.9983164983164984
    ],
    "train_f1": [
        0.8288320053974634,
        0.8993567553619499,
        0.9401724940729391,
        0.9664013961337968,
        0.9822687026195345,
        0.9865991165935254,
        0.9921979873907736,
        0.990026297672603,
        0.9980875505373664,
        0.9984851633108949,
        0.9992159496320709,
        0.9968930236283509,
        0.9998101495117515,
        0.9997091341813,
        0.9999123832574306,
        1.0,
        0.9998114012526476,
        1.0,
        0.9999123832574306,
        1.0
    ],
    "val_f1": [
        0.8140265395299033,
        0.8926549599934429,
        0.9376476539673583,
        0.9653839598434443,
        0.9829774694917477,
        0.9875180583837837,
        0.9913513007681878,
        0.9873646667866037,
        0.9962598485667595,
        0.9974268327381534,
        0.9987638387795382,
        0.9970998008460985,
        0.9986868765145769,
        0.9990123243209238,
        1.0,
        0.9993417449523735,
        0.9984233777830113,
        1.0,
        0.9990861915129761,
        0.9996709696897854
    ],
    "test_f1": [
        0.8244233045569093,
        0.8955791027614467,
        0.9387188702378848,
        0.9650876511978843,
        0.9790894100456086,
        0.986299649861332,
        0.9906085940991705,
        0.9890336470289978,
        0.9944054525148704,
        0.9951191526338196,
        0.9962812592645885,
        0.9958309356661255,
        0.9971842003925891,
        0.9987760500498404,
        0.9990773743256444,
        0.999677693972223,
        0.9978965153819125,
        0.9996848824681116,
        0.9990773743256444,
        0.9980843139521334
    ]
}