{
    "train_loss": [
        2.258205639412467,
        2.1315238568420742,
        1.8891000866209868,
        1.5111858626481989,
        1.0631078997567698,
        0.663282459762167,
        0.356633929771044,
        0.16098007220543134,
        0.07419215751970246,
        0.033254043437708526,
        0.016913415402117323,
        0.010986739382475687,
        0.008593706396392946
    ],
    "val_loss": [
        2.2122092103102466,
        2.033147586306001,
        1.724801036895391,
        1.261537902312411,
        0.8716031205984741,
        0.4856024959153491,
        0.2580321318854321,
        0.06707948490029253,
        0.026873419763213464,
        0.025979851705263724,
        0.009906329393089061,
        0.003260144621641246,
        0.0023250420130394266
    ],
    "test_loss": [
        2.2133416775659343,
        2.0508643173146615,
        1.7618912241851423,
        1.3074202250390157,
        0.8907375678432152,
        0.48380444655066474,
        0.2424909106039556,
        0.0642482081740877,
        0.024917935443451417,
        0.023585319912570187,
        0.009039081248250055,
        0.002790200849485169,
        0.0019261914955728536
    ],
    "train_acc": [
        0.4104862809019288,
        0.756587883727248,
        0.8785656071719641,
        0.9252920402064656,
        0.9527302363488183,
        0.9725618038576473,
        0.9880467264330345,
        0.9961966856832382,
        0.9986416734582994,
        0.9986416734582994,
        0.9994566693833197,
        1.0,
        0.9997283346916598
    ],
    "val_acc": [
        0.6052202283849919,
        0.8295269168026101,
        0.899673735725938,
        0.9453507340946167,
        0.9690048939641109,
        0.9804241435562806,
        0.9885807504078303,
        1.0,
        1.0,
        1.0,
        1.0,
        1.0,
        1.0
    ],
    "test_acc": [
        0.5628548256285483,
        0.8029197080291971,
        0.878345498783455,
        0.935117599351176,
        0.9643146796431469,
        0.9764801297648014,
        0.991889699918897,
        0.9983779399837794,
        1.0,
        1.0,
        1.0,
        1.0,
        1.0
    ],
    "train_f1": [
        0.5255420992145807,
        0.8172305294864616,
        0.863057111050978,
        0.93923793741689,
        0.9703123750353617,
        0.9881668772209906,
        0.9974414714598014,
        1.0,
        1.0,
        0.9996415759097902,
        1.0,
        1.0,
        1.0
    ],
    "val_f1": [
        0.48157799414668645,
        0.7497311578490413,
        0.8491614881668765,
        0.9194628587528765,
        0.955924643653099,
        0.9733146291919818,
        0.9846911009163462,
        1.0,
        1.0,
        1.0,
        1.0,
        1.0,
        1.0
    ],
    "test_f1": [
        0.47269107338806576,
        0.759409618557345,
        0.8536456723850472,
        0.9208810375841381,
        0.9581002794346926,
        0.97317672698731,
        0.9907025130208466,
        0.9981246518674591,
        1.0,
        1.0,
        1.0,
        1.0,
        1.0
    ]
}